{"cameraMode":{"drawMode":0,"name":"Shaded","section":"Shading Mode"},"sceneLighting":false,"audioPlay":false,"sceneViewState":{"showFog":true,"showMaterialUpdate":false,"showSkybox":true,"showFlares":true,"showImageEffects":true,"showParticleSystems":true},"in2DMode":false,"pivot":{"x":-0.6359541416168213,"y":4.302779197692871,"z":0.9509732723236084},"rotation":{"x":-0.6523935198783875,"y":0.027717111632227899,"z":-0.023886235430836679,"w":-0.7570048570632935},"size":3.45208740234375,"orthographic":false}