{"cameraMode":{"drawMode":0,"name":"Shaded","section":"Shading Mode"},"sceneLighting":false,"audioPlay":false,"sceneViewState":{"showFog":true,"showMaterialUpdate":false,"showSkybox":true,"showFlares":true,"showImageEffects":true,"showParticleSystems":true},"in2DMode":false,"pivot":{"x":3.9183757305145265,"y":-5.563899993896484,"z":-1.4168071746826172},"rotation":{"x":-0.7034987807273865,"y":-0.0017075728392228485,"z":0.001690531149506569,"w":-0.7106945514678955},"size":34.01541519165039,"orthographic":false}