{"cameraMode":{"drawMode":0,"name":"Shaded","section":"Shading Mode"},"sceneLighting":false,"audioPlay":false,"sceneViewState":{"showFog":true,"showMaterialUpdate":false,"showSkybox":true,"showFlares":true,"showImageEffects":true,"showParticleSystems":true},"in2DMode":false,"pivot":{"x":-25.338241577148439,"y":-37.169193267822269,"z":10.964719772338868},"rotation":{"x":-0.39166024327278139,"y":0.5974786877632141,"z":-0.41563597321510317,"w":-0.5629862546920776},"size":51.423492431640628,"orthographic":false}