{"cameraMode":{"drawMode":0,"name":"Shaded","section":"Shading Mode"},"sceneLighting":false,"audioPlay":false,"sceneViewState":{"showFog":true,"showMaterialUpdate":false,"showSkybox":true,"showFlares":true,"showImageEffects":true,"showParticleSystems":true},"in2DMode":false,"pivot":{"x":-0.9194468259811401,"y":2.738882541656494,"z":0.13392257690429688},"rotation":{"x":-0.48043179512023928,"y":0.02156912162899971,"z":-0.011818616650998593,"w":-0.8766927719116211},"size":4.652087688446045,"orthographic":false}